{
  "config": {
    "mod_list": [ {
      "enable": false,
      "name": "Simple Mod Updater"
    }, {
      "enable": false,
      "name": "SuperBLT"
    }, {
      "enable": false,
      "name": "BeardLib"
    }, {
      "enable": false,
      "name": "HopLib"
    }, {
      "enable": false,
      "name": "Less Inaccurate Weapon Laser"
    }, {
      "enable": false,
      "name": "Infinite Ammo"
    }, {
      "enable": false,
      "name": "Cook Faster"
    }, {
      "enable": false,
      "name": "More Weapon Stats"
    }, {
      "enable": false,
      "name": "Silent Assassin"
    }, {
      "enable": false,
      "name": "Auto-Fire Sound Fix"
    }, {
      "enable": false,
      "name": "Cheats Mod"
    }, {
      "enable": false,
      "name": "Infamy in lobby"
    }, {
      "enable": false,
      "name": "Fullscreen Windowed(Borderless Windowed Updated)"
    }, {
      "enable": false,
      "name": "Mod Hider"
    }, {
      "enable": false,
      "name": "Rename Inventory Pages"
    }, {
      "enable": false,
      "name": "Rats Smoke Removal"
    }, {
      "enable": false,
      "name": "Remove_Shadows_FPS_Boost"
    }, {
      "enable": false,
      "name": "No slow motion - Gab"
    }, {
      "enable": false,
      "name": "No Screen Shake (Only on Shooting)"
    }, {
      "enable": false,
      "name": "Perfect View Model"
    }, {
      "enable": false,
      "name": "Interaction Indicator"
    }, {
      "enable": false,
      "name": "QuickKeyboardInput"
    }, {
      "enable": false,
      "name": "Infamy Fix"
    }, {
      "enable": false,
      "name": "Infinamy"
    }, {
      "enable": false,
      "name": "CustomFOV"
    }, {
      "enable": false,
      "name": "Unnamed BLT Mod"
    }, {
      "enable": false,
      "name": "Carry Stacker Reloaded"
    }, {
      "enable": false,
      "name": "Bag Carrying Tilt Removal"
    }, {
      "enable": false,
      "name": "Legendary Skins"
    }, {
      "enable": false,
      "name": "Disable corpses + shields - Gab"
    }, {
      "enable": false,
      "name": "Downloadable Content"
    }, {
      "enable": false,
      "name": "Drag and Drop Inventory"
    }, {
      "enable": false,
      "name": "God Mode (No hit) - Gab"
    }, {
      "enable": false,
      "name": "Extra Profiles and Skill Sets"
    }, {
      "enable": false,
      "name": "Stay there, Twitch!!"
    }, {
      "enable": false,
      "name": "Better Assault Indicator"
    }, {
      "enable": false,
      "name": "Extra Heist Info"
    } ]
  }
}